<?xml version="1.0" encoding="utf-8"?>
<install type="module" version="1.5.0">
	<name>JS FlexSlider</name>
	<author>JoomSpirit</author>
	<creationDate>October 2012</creationDate>
	<copyright>Copyright 2012 JoomSpirit</copyright>
	<license>GNU General Public License version 2 or later</license>
	<authorEmail>contact@joomspirit.com</authorEmail>
	<authorURL>http://www.joomspirit.com</authorURL>
	<version>1.1</version>

	<description>A responsive slideshow module based on the fexslider JQuery script. Warning : All your images must be in the folder Images/stories of Joomla</description>
	
	<files>
		<filename>mod_js_flexslider.xml</filename>
		<filename module="mod_js_flexslider">mod_js_flexslider.php</filename>
		<filename>helper.php</filename>
		<filename>index.html</filename>
		<folder>tmpl</folder>
		<folder>assets</folder>
	</files>
	
	<params>
		
		<param name="@spacer01" type="spacer" default="&lt;br /&gt;&lt;div style=&quot;font-weight:normal;font-size:14px;letter-spacing:0.4px;font-variant:small-caps;color:#ec6104;padding:6px 12px;margin:0;background-color:#fff;border:2px solid #ddd;&quot;&gt;General settings&lt;/div&gt;&lt;br /&gt;" label="" description="" />
	
				<param name="load_jquery" type="list" default="1" label="Enable jQuery 1.8.2 ?" description="Turn on or off included jQuery version 1.8.2.">
					<option value="1">Yes</option>
					<option value="0">No</option>
				</param>
				
				<param name="directionNav" type="list" default="default" label="Enable prev / next button" description="Display navigation for previous/next navigation ?">
					<option value="default">Yes default style</option>
					<option value="white-arrow">Yes white arrow</option>
					<option value="black-arrow">Yes black arrow</option>				
					<option value="false">No</option>					
				</param>			

				<param name="pauseOnHover" type="list" default="true" label="Pause on hover" description="Pause the slideshow when hovering over slider, then resume when no longer hovering">
					<option value="true">Yes</option>
					<option value="false">No</option>
				</param>
				
				<param name="initDelay" type="text" default="0" label="Initialisation delay" description="Set an initialization delay, in milliseconds "/>				

				<param name="randomize" type="list" default="false" label="Randomize slide order" description="">
					<option value="true">Yes</option>
					<option value="false">No</option>
				</param>				
								
				<param name="target" type="list" default="_blank" label="Target" description="Choose to open the link in a new browser window or the same window">
					<option value="_blank">New window</option>
					<option value="_self">Same window</option>
				</param>
				
		<param name="@spacer02" type="spacer" default="&lt;br /&gt;&lt;div style=&quot;font-weight:normal;font-size:14px;letter-spacing:0.4px;font-variant:small-caps;color:#ec6104;padding:6px 12px;margin:0;background-color:#fff;border:2px solid #ddd;&quot;&gt;Min height&lt;/div&gt;&lt;br /&gt;" label="" description="" />
			
				<param name="enable_minheight" type="radio" default="no" label="Enable this option" description="This option is usefull to display an empty space before the loading of the first image.">
					<option value="yes">Yes</option>
					<option value="no">No</option>
				</param>
			
				<param name="min_height" type="text" default="380" label="Minimum height of the slideshow in pixels when the screen resolution is large" description="generally, put the height of your images. If you choose the Theme 'Slide vertical', it will be the height of your images less than 25 pixels" />			
				

		<param name="@spacer03" type="spacer" default="&lt;br /&gt;&lt;div style=&quot;font-weight:normal;font-size:14px;letter-spacing:0.4px;font-variant:small-caps;color:#ec6104;padding:6px 12px;margin:0;background-color:#fff;border:2px solid #ddd;&quot;&gt;Slideshow theme&lt;/div&gt;&lt;br /&gt;" label="" description="" />
				
				<param name="slide_theme" type="list" default="false" label="Slideshow theme" description="Slide theme is ideal for slide transition. Choose Custom theme if you want use the options below.">
					<option value="true">Slide theme</option>
					<option value="false">Custom theme</option>
				</param>

				<param name="bg_color" type="text" default="#ffffff" label="Background color of the slideshow" description="Enter 'transparent' or the hexadecimal code color : default : #ffffff "/>				

				
		<param name="@spacer04" type="spacer" default="&lt;br /&gt;&lt;div style=&quot;font-weight:normal;font-size:14px;letter-spacing:0.4px;font-variant:small-caps;color:#ec6104;padding:6px 12px;margin:0;background-color:#fff;border:2px solid #ddd;&quot;&gt;Options of Custom theme&lt;/div&gt;&lt;br /&gt;" label="" description="" />
							
				<param name="theme_shadow" type="list" default="theme-shadow-normal" label="Shadow around the slideshow" description="If you choose Large shadow , a margin of 10 pixels will be around the slideshow">
					<option value="theme-without-shadow">No</option>
					<option value="theme-shadow-normal">Shadow normal (4px)</option>
					<option value="theme-shadow-large">Shadow large (15px)</option>
				</param>
				
				<param name="theme_border" type="list" default="00" label="Border around the slideshow" description="">
					<option value="00">None</option>
					<option value="01">2 pixels</option>
					<option value="02">4 pixels</option>
					<option value="03">7 pixels</option>
					<option value="04">10 pixels</option>
				</param>
				
				<param name="theme_border_radius" type="list" default="00" label="Border radius around the slideshow" description="">
					<option value="00">None</option>
					<option value="01">4 pixels</option>
					<option value="02">8 pixels</option>
					<option value="03">12 pixels</option>
					<option value="04">24 pixels</option>
				</param>

		<param name="@spacer05" type="spacer" default="&lt;br /&gt;&lt;div style=&quot;font-weight:normal;font-size:14px;letter-spacing:0.4px;font-variant:small-caps;color:#ec6104;padding:6px 12px;margin:0;background-color:#fff;border:2px solid #ddd;&quot;&gt;Control navigation&lt;/div&gt;&lt;br /&gt;" label="" description="" />
			
				<param name="controlNav" type="list" default="true" label="Control nav" description="Create navigation for paging control of each slide ?">
					<option value="true">Yes</option>	
					<option value="false">No</option>
				</param>
				
				<param name="positionNav" type="list" default="under" label="Position of control nav" description="">
					<option value="under">Under the slideshow</option>
					<option value="bottom">Bottom of the slideshow</option>
					<option value="top">Top of the slideshow</option>
				</param>
				
				<param name="colorNav" type="list" default="dark" label="Color of non active button" description="Choose 'dark' on a light background or 'light' on a dark background">
					<option value="dark">Dark</option>
					<option value="light">Light</option>
				</param>
			
				<param name="colorNavActive" type="list" default="black" label="Color of active button nav" description="">
					<option value="black">Black</option>
					<option value="green">Green</option>
					<option value="red">Red</option>
					<option value="orange">Orange</option>
					<option value="blue">Blue</option>
					<option value="white">White</option>
				</param>				
				
		<param name="@spacer06" type="spacer" default="&lt;br /&gt;&lt;div style=&quot;font-weight:normal;font-size:14px;letter-spacing:0.4px;font-variant:small-caps;color:#ec6104;padding:6px 12px;margin:0;background-color:#fff;border:2px solid #ddd;&quot;&gt;Transitions&lt;/div&gt;&lt;br /&gt;" label="" description="" />
				
				<param name="transition" type="list" default="fade" label="Transition" description="Choose whether the slider will fade or slide between slides">
					<option value="slide">Slide</option>
					<option value="fade">Fade</option>
				</param>
				<param name="direction" type="list" default="horizontal" label="Direction of slide transition" description="">
					<option value="horizontal">Horizontal</option>
					<option value="vertical">Vertical</option>
				</param>
				
				<param name="easing" type="list" default="easeInQuart" label="Easing" description="Determines the easing method used in jQuery transitions">
					<option value="linear">Linear</option>
					<option value="swing">Swing</option>
					<option value="easeInQuad">Ease In Quad</option>
					<option value="easeOutQuad">Ease Out Quad</option>
					<option value="easeInOutQuad">Ease In Out Quad</option>
					<option value="easeInCubic">Ease In Cubic</option>
					<option value="easeOutCubic">Ease Out Cubic</option>
					<option value="easeInOutCubic">Ease In Out Cubic</option>
					<option value="easeInQuart">Ease In Quart</option>
					<option value="easeOutQuart">Ease Out Quart</option>
					<option value="easeInOutQuart">Ease In Out Quart</option>
					<option value="easeInQuint">Ease In Quint</option>
					<option value="easeOutQuint">Ease Out Quint</option>
					<option value="easeInOutQuint">Ease In Out Quint</option>
					<option value="easeInSine">Ease In Sine</option>
					<option value="easeOutSine">Ease Out Sine</option>
					<option value="easeInOutSine">Ease In Out Sine</option>
					<option value="easeInExpo">Ease In Expo</option>
					<option value="easeOutExpo">Ease Out Expo</option>
					<option value="easeInOutExpo">Ease In Out Expo</option>
					<option value="easeInCirc">Ease In Circ</option>
					<option value="easeOutCirc">Ease Out Circ</option>
					<option value="easeInOutCirc">Ease In Out Circ</option>
					<option value="easeInElastic">Ease In Elastic</option>
					<option value="easeOutElastic">Ease Out Elastic</option>
					<option value="easeInOutElastic">Ease In Out Elastic</option>
					<option value="easeInBack">Ease In Back</option>
					<option value="easeOutBack">Ease Out Back</option>
					<option value="easeInOutBack">Ease In Out Back</option>
					<option value="easeInBounce">Ease In Bounce</option>
					<option value="easeOutBounce">Ease Out Bounce</option>
					<option value="easeInOutBounce">Ease In Out Bounce</option>
				</param>				

				<param name="animSpeed" type="text" default="2000" label="Animation speed (ms)" description="Speed of the transition (in ms)" />
				<param name="pauseTime" type="text" default="3500" label="Pause time (ms)" description="How long each slide is show (in ms)" />
				
				
		<param name="@spacer07" type="spacer" default="&lt;br /&gt;&lt;div style=&quot;font-weight:normal;font-size:14px;letter-spacing:0.4px;font-variant:small-caps;color:#ec6104;padding:6px 12px;margin:0;background-color:#fff;border:2px solid #ddd;&quot;&gt;Captions&lt;/div&gt;&lt;br /&gt;" label="" description="" />
		
				<param name="bg_caption" type="list" default="black" label="Background color of caption text" description="">
					<option value="black">Black</option>
					<option value="white">White</option>
				</param>
				
				<param name="transparency_caption" type="list" default="2" label="Transparency of this background" description="">
					<option value="00">No transparency</option>
					<option value="01">Transparency 01</option>
					<option value="02">Transparency 02</option>
					<option value="03">Transparency 03</option>
					<option value="04">Transparency 04</option>
					<option value="05">Transparency 05</option>
					<option value="06">Transparency 06</option>
					<option value="09">100% Transparent</option>
				</param>				
				
				<param name="position_caption" type="list" default="bottom" label="Position of caption text" description="">
					<option value="bottom">Bottom</option>
					<option value="top">Top</option>
				</param>
				
				<param name="text_align" type="list" default="centered" label="text align" description="">
					<option value="left">Left</option>
					<option value="centered">Centered</option>
					<option value="right">Right</option>
				</param>
				
				<param name="color_caption" type="text" default="#dddddd" label="Color of caption text" description="Put the hexadecimal code : default : #dddddd "/>				

		<param name="@spacer08" type="spacer" default="&lt;br /&gt;&lt;div style=&quot;font-weight:normal;font-size:14px;letter-spacing:0.4px;font-variant:small-caps;color:#ec6104;padding:6px 12px;margin:0;background-color:#fff;border:2px solid #ddd;&quot;&gt;Images&lt;/div&gt;&lt;br /&gt;" label="" description="" />
					
				<param name="image1" type="filelist" directory="images/stories" label="Image 1"  />
				<param name="image1alt" type="text" default="" label="text Alt tag" description="Optionnal text for this image"/>
				<param name="image1cap" type="textarea" cols="30" rows="2" default="" label="Image 1 caption" description="Caption for first image" filter="raw"/>
				<param name="image1customlink" type="text" default="" label="Optionnal Image 1 link" description="Link for first slide"/>
				
				<param type="spacer" name="myspacer" />
				
				<param name="image2" type="filelist" directory="images/stories" label="Image 2"  />
				<param name="image2alt" type="text" default="" label="text Alt tag" description="Optionnal text for this image"/>
				<param name="image2cap" type="textarea" cols="30" rows="2" default="" label="Image 2 caption" description="Caption for second image" filter="raw"/>
				<param name="image2customlink" type="text" default="" label="Optionnal Image 2 link" description="Link for second slide"/>
				
				<param type="spacer" name="myspacer2" />
				
				<param name="image3" type="filelist" directory="images/stories" label="Image 3"  />
				<param name="image3alt" type="text" default="" label="text Alt tag" description="Optionnal text for this image"/>
				<param name="image3cap" type="textarea" cols="30" rows="2" default="" label="Image 3 caption" description="Caption for third image" filter="raw"/>
				<param name="image3customlink" type="text" default="" label="Optionnal Image 3 link" description="Link for third slide"/>
				
				<param type="spacer" name="myspacer3" />
				
				<param name="image4" type="filelist" directory="images/stories" label="Image 4"  />
				<param name="image4alt" type="text" default="" label="Text Alt tag" description="Optionnal text for this image"/>
				<param name="image4cap" type="textarea" cols="30" rows="2" default="" label="Image 4 caption" description="Caption for fourth image" filter="raw"/>
				<param name="image4customlink" type="text" default="" label="Optionnal Image 4 link" description="Link for fourth slide"/>
				
				<param type="spacer" name="myspacer4" />
				
				<param name="image5" type="filelist" directory="images/stories" label="Image 5"  />
				<param name="image5alt" type="text" default="" label="Text Alt tag" description="Optionnal text for this image"/>
				<param name="image5cap" type="textarea" cols="30" rows="2" default="" label="Image 5 caption" description="Caption for fifth image" filter="raw"/>
				<param name="image5customlink" type="text" default="" label="Optionnal Image 5 link" description="Link for fifth slide"/>
				
				<param type="spacer" name="myspacer5" />
				
				<param name="image6" type="filelist" directory="images/stories" label="Image 6"  />
				<param name="image6alt" type="text" default="" label="Text Alt tag" description="Optionnal text for this image"/>
				<param name="image6cap" type="textarea" cols="30" rows="2" default="" label="Image 6 caption" description="Caption for sixth image" filter="raw"/>
				<param name="image6customlink" type="text" default="" label="Optionnal Image 6 Link" description="Link for sixth slide"/>
				
				<param type="spacer" name="myspacer6" />
				
				<param name="image7" type="filelist" directory="images/stories" label="Image 7"  />
				<param name="image7alt" type="text" default="" label="Text Alt tag" description="Optionnal text for this image"/>
				<param name="image7cap" type="textarea" cols="30" rows="2" default="" label="Image 7 caption" description="Caption for seventh image" filter="raw"/>
				<param name="image7customlink" type="text" default="" label="Optionnal Image 7 Link" description="Link for seventh slide"/>
				
				<param type="spacer" name="myspacer7" />
				
				<param name="image8" type="filelist" directory="images/stories" label="Image 8"  />
				<param name="image8alt" type="text" default="" label="Text Alt tag" description="Optionnal text for this image"/>
				<param name="image8cap" type="textarea" cols="30" rows="2" default="" label="Image 8 caption" description="Caption for eighth image" filter="raw"/>
				<param name="image8customlink" type="text" default="" label="Optionnal Image 8 Link" description="Link for eigth slide"/>
				
				<param type="spacer" name="myspacer8" />
				
				<param name="image9" type="filelist" directory="images/stories" label="Image 9"  />
				<param name="image9alt" type="text" default="" label="Text Alt tag" description="Optionnal text for this image"/>
				<param name="image9cap" type="textarea" cols="30" rows="2" default="" label="Image 9 caption" description="Caption for ninth image" filter="raw"/>
				<param name="image9customlink" type="text" default="" label="Optionnal Image 9 Link" description="Link for ninth slide"/>
				
				<param type="spacer" name="myspacer9" />
				
				<param name="image10" type="filelist" directory="images/stories" label="Image 10"  />
				<param name="image10alt" type="text" default="" label="Text Alt tag" description="Optionnal text for this image"/>
				<param name="image10cap" type="textarea" cols="30" rows="2" default="" label="Image 10 caption" description="Caption for tenth image" filter="raw"/>
				<param name="image10customlink" type="text" default="" label="Optionnal Image 10 Link" description="Link for tenth slide"/>
				
				<param type="spacer" name="myspacer10" />
				
				<param name="image11" type="filelist" directory="images/stories" label="Image 11"  />
				<param name="image11alt" type="text" default="" label="Text Alt tag" description="Optionnal text for this image"/>
				<param name="image11cap" type="textarea" cols="30" rows="2" default="" label="Image 11 caption" description="Caption for eleventh image" filter="raw"/>
				<param name="image11customlink" type="text" default="" label="Optionnal Image 11 Link" description="Link for eleventh slide"/>
				
				<param type="spacer" name="myspacer11" />
				
				<param name="image12" type="filelist" directory="images/stories" label="Image 12"  />
				<param name="image12alt" type="text" default="" label="Text Alt tag" description="Optionnal text for this image"/>
				<param name="image12cap" type="textarea" cols="30" rows="2" default="" label="Image 12 caption" description="Caption for twelfth image" filter="raw"/>
				<param name="image12customlink" type="text" default="" label="Optionnal Image 12 Link" description="Link for twelfth slide"/>
				
				<param type="spacer" name="myspacer12" />
				
				<param name="image13" type="filelist" directory="images/stories" label="Image 13"  />
				<param name="image13alt" type="text" default="" label="Text Alt tag" description="Optionnal text for this image"/>
				<param name="image13cap" type="textarea" cols="30" rows="2" default="" label="Image 13 caption" description="Caption for thirteenth image" filter="raw"/>
				<param name="image13customlink" type="text" default="" label="Optionnal Image 13 Link" description="Link for thirteenth slide"/>
				
				<param type="spacer" name="myspacer13" />
				
				<param name="image14" type="filelist" directory="images/stories" label="Image 14"  />
				<param name="image14alt" type="text" default="" label="Text Alt tag" description="Optionnal text for this image"/>
				<param name="image14cap" type="textarea" cols="30" rows="2" default="" label="Image 14 caption" description="Caption for fourteenth image" filter="raw"/>
				<param name="image14customlink" type="text" default="" label="Optionnal Image 14 Link" description="Link for fourteenth slide"/>
				
				<param type="spacer" name="myspacer14" />
				
				<param name="image15" type="filelist" directory="images/stories" label="Image 15"  />
				<param name="image15alt" type="text" default="" label="Text Alt tag" description="Optionnal text for this image"/>
				<param name="image15cap" type="textarea" cols="30" rows="2" default="" label="Image 15 caption" description="Caption for fifteenth image" filter="raw"/>
				<param name="image15customlink" type="text" default="" label="Optionnal Image 15 Link" description="Link for fifteenth slide"/>
				
				<param type="spacer" name="myspacer15" />
				
				<param name="image16" type="filelist" directory="images/stories" label="Image 16"  />
				<param name="image16alt" type="text" default="" label="Text Alt tag" description="Optionnal text for this image"/>
				<param name="image16cap" type="textarea" cols="30" rows="2" default="" label="Image 16 caption" description="Caption for sixteenth image" filter="raw"/>
				<param name="image16customlink" type="text" default="" label="Optionnal Image 16 Link" description="Link for sixteenth slide"/>
				
				<param type="spacer" name="myspacer16" />
				
				<param name="image17" type="filelist" directory="images/stories" label="Image 17"  />
				<param name="image17alt" type="text" default="" label="Text Alt tag" description="Optionnal text for this image"/>
				<param name="image17cap" type="textarea" cols="30" rows="2" default="" label="Image 17 caption" description="Caption for seventeenth image" filter="raw"/>
				<param name="image17customlink" type="text" default="" label="Optionnal Image 17 Link" description="Link for seventeenth slide"/>
				
				<param type="spacer" name="myspacer17" />
				
				<param name="image18" type="filelist" directory="images/stories" label="Image 18"  />
				<param name="image18alt" type="text" default="" label="Text Alt tag" description="Optionnal text for this image"/>
				<param name="image18cap" type="textarea" cols="30" rows="2" default="" label="Image 18 caption" description="Caption for eighteenth image" filter="raw"/>
				<param name="image18customlink" type="text" default="" label="Optionnal Image 18 Link" description="Link for eighteenth slide"/>
				
				<param type="spacer" name="myspacer18" />
				
				<param name="image19" type="filelist" directory="images/stories" label="Image 19"  />
				<param name="image19alt" type="text" default="" label="Text Alt tag" description="Optionnal text for this image"/>
				<param name="image19cap" type="textarea" cols="30" rows="2" default="" label="Image 19 caption" description="Caption for nineteenth image" filter="raw"/>
				<param name="image19customlink" type="text" default="" label="Optionnal Image 19 Link" description="Link for nineteenth slide"/>
				
				<param type="spacer" name="myspacer19" />
				
				<param name="image20" type="filelist" directory="images/stories" label="Image 20"  />
				<param name="image20alt" type="text" default="" label="Text Alt tag" description="Optionnal text for this image"/>
				<param name="image20cap" type="textarea" cols="30" rows="2" default="" label="Image 20 caption" description="Caption for twentieth image" filter="raw"/>
				<param name="image20customlink" type="text" default="" label="Optionnal Image 20 Link" description="Link for twentieth slide"/>
				
				<param type="spacer" name="myspacer20" />
				
				<param name="image21" type="filelist" directory="images/stories" label="Image 21"  />
				<param name="image21alt" type="text" default="" label="Text Alt tag" description="Optionnal text for this image"/>
				<param name="image21cap" type="textarea" cols="30" rows="2" default="" label="Image 21 caption" description="Caption for twenty-first image" filter="raw"/>
				<param name="image21customlink" type="text" default="" label="Optionnal Image 21 Link" description="Link for twenty-first slide"/>
		
		</params>		
				
		<params group="advanced">

				<param name="cache" type="list" default="1" label="Caching" description="Select whether to cache the content of this module">
					<option value="1">Use global</option>
					<option value="0">No caching</option>
				</param>
				<param name="cache_time" type="text" default="900" label="Cache Time" description="The time before the module is recached" />
	
		</params>
</install>
